{"cameraMode":{"drawMode":0,"name":"Shaded","section":"Shading Mode"},"sceneLighting":false,"audioPlay":false,"sceneViewState":{"m_AlwaysRefresh":false,"showFog":true,"showSkybox":false,"showFlares":true,"showImageEffects":true,"showParticleSystems":true,"showVisualEffectGraphs":true,"m_FxEnabled":true},"in2DMode":false,"pivot":{"x":-7.230301856994629,"y":11.227975845336914,"z":-0.5599896907806397},"rotation":{"x":0.24861249327659608,"y":0.7514397501945496,"z":-0.42773154377937319,"w":0.43667158484458926},"size":24.638879776000978,"orthographic":false}