{"cameraMode":{"drawMode":0,"name":"Shaded","section":"Shading Mode"},"sceneLighting":true,"audioPlay":false,"sceneViewState":{"m_AlwaysRefresh":false,"showFog":true,"showSkybox":true,"showFlares":true,"showImageEffects":true,"showParticleSystems":true,"showVisualEffectGraphs":true,"m_FxEnabled":true},"in2DMode":false,"pivot":{"x":0.5832895636558533,"y":-0.4293627142906189,"z":-0.37295764684677126},"rotation":{"x":-0.0017024874687194825,"y":0.9968073964118958,"z":0.022123165428638459,"w":0.07670678198337555},"size":153.92132568359376,"orthographic":false}