{"cameraMode":{"drawMode":0,"name":"Shaded","section":"Shading Mode"},"sceneLighting":true,"audioPlay":false,"sceneViewState":{"m_AlwaysRefresh":false,"showFog":true,"showSkybox":true,"showFlares":true,"showImageEffects":true,"showParticleSystems":true,"showVisualEffectGraphs":true,"m_FxEnabled":true},"in2DMode":false,"pivot":{"x":3584.841064453125,"y":7.884436130523682,"z":3765.834716796875},"rotation":{"x":0.0008681830368004739,"y":0.8044968247413635,"z":-0.0012234378373250366,"w":0.5939943194389343},"size":3.564929246902466,"orthographic":false}