{"cameraMode":{"drawMode":0,"name":"Shaded","section":"Shading Mode"},"sceneLighting":false,"audioPlay":false,"sceneViewState":{"m_AlwaysRefresh":false,"showFog":true,"showSkybox":false,"showFlares":true,"showImageEffects":true,"showParticleSystems":true,"showVisualEffectGraphs":true,"m_FxEnabled":true},"in2DMode":false,"pivot":{"x":0.1339397430419922,"y":102.64559936523438,"z":147.6999969482422},"rotation":{"x":0.24861249327659608,"y":0.7514397501945496,"z":-0.42773154377937319,"w":0.43667158484458926},"size":2.681558847427368,"orthographic":false}