{"cameraMode":{"drawMode":0,"name":"Shaded","section":"Shading Mode"},"sceneLighting":true,"audioPlay":false,"sceneViewState":{"m_AlwaysRefresh":false,"showFog":true,"showSkybox":true,"showFlares":true,"showImageEffects":true,"showParticleSystems":true,"showVisualEffectGraphs":true,"m_FxEnabled":true},"in2DMode":false,"pivot":{"x":295.29107666015627,"y":70.56498718261719,"z":224.9285888671875},"rotation":{"x":0.0012708804570138455,"y":0.9987496733665466,"z":-0.032968536019325259,"w":0.038054611533880237},"size":55.41949462890625,"orthographic":false}