{"cameraMode":{"drawMode":0,"name":"Shaded","section":"Shading Mode"},"sceneLighting":true,"audioPlay":false,"sceneViewState":{"m_AlwaysRefresh":false,"showFog":true,"showSkybox":true,"showFlares":true,"showImageEffects":true,"showParticleSystems":true,"showVisualEffectGraphs":true,"m_FxEnabled":true},"in2DMode":false,"pivot":{"x":472.12030029296877,"y":2.303239583969116,"z":-161.53256225585938},"rotation":{"x":-0.03278112784028053,"y":-0.9661970734596252,"z":0.20146487653255464,"w":-0.15928715467453004},"size":167.6927490234375,"orthographic":false}